name,city,state,country,locode,firmsCode,splc
"CN- Brampton","Brampton","ON","Canada","CABRP","3037",""
"UP - Brampton","Brampton","ON","Canada","CABRP","",""
"CN- Calgary Logistics Park","Calgary","AB","Canada","CACAL","5426",""
"CP Rail - Calgary","Calgary","AB","Canada","CACAL","3237",""
"CN - Edmonton","Edmonton","AB","Canada","CAEDM","4492",""
"CP Rail - Edmonton","Edmonton","AB","Canada","CAEDM","3297",""
"Canadian Pacific - Vaughan","Kleinburg","ON","Canada","CATOR","3046",""
"CP - Lachine Intermodal","Lachine","QC","Canada","CAMTR","2423",""
"CN - Malport","Mississauga","ON","Canada","CATOR","3006",""
"CN - Montreal","Montreal","QC","Canada","CAMTR","2414",""
"CP - Vancouver Intermodal Facility","Pitt Meadows","BC","Canada","CAVAN","3378",""
"CN - Prince George Intermodal Terminal","Prince George","BC","Canada","CAPRG","",""
"CN East Regina","Regina","SK","Canada","CAREG","5817","070156000"
"CP Rail - Regina","Regina","SK","Canada","CAREG","3202",""
"CN Rail - Saskatoon","Saskatoon","SK","Canada","CASAK","3215",""
"CN - Vancouver","Surrey","BC","Canada","CAVAN","3373",""
"CN - Winnipeg (Symington Yard)","Winnipeg","MB","Canada","CAWNP","3147",""
"CP Rail - Winnipeg","Winnipeg","MB","Canada","CAWNP","3150",""
"BNSF - Albuquerque Intermodal Facility","Albuquerque","NM","United States","USABQ","","774900"
"ARR - Anchorage","Anchorage","AK","United States","USANC","X727",""
"CN - Arcadia","Arcadia","WI","United States","USADI","",""
"CSX - Atlanta (Hulsey)","Atlanta","GA","United States","USATL","N440","456201"
"CSX - Fairburn","Atlanta","GA","United States","USATL","O083","456388"
"NS - Atlanta (Austell)","Atlanta","GA","United States","USATL","L690","456496"
"NS - Atlanta (Inman)","Atlanta","GA","United States","USATL","L810","456200"
"UP - Avondale (AVN)","Avondale","LA","United States","USMSY","P961","646528"
"NS - Ayer (AYR)","Ayer","MA","United States","USAER","A180","141260"
"CSX - Baltimore","Baltimore","MD","United States","USBAL","C204","234000"
"NS - Baltimore (Bayview)","Baltimore","MD","United States","USBAL","C407","234004"
"BNSF - Barstow Intermodal Facility","Barstow","CA","United States","USBZW","",""
"CN - Baton Rouge","Baton Rouge","LA","United States","USBTR","P438",""
"KCS - Baton Rouge","Baton Rouge","LA","United States","USBTR","P437",""
"UP - Beaumont","Beaumont","PA","United States","USBTP","S064",""
"CSX - Bedford Park","Bedford Park","IL","United States","USBDP","J470",""
"CSX - Central Alabama ICTF (CAICTF)","Bessemer","AL","United States","USBHM","Q536",""
"NS - Bethlehem (BTH)","Bethlehem","PA","United States","USBEX","","204212"
"NS - Birmingham","Birmingham","AL","United States","USBHM","P060","472600"
"UP - Inland Empire Intermodal Terminal","Bloomington","CA","United States","USBQT","","880316000"
"IAIS - Blue Island Rail Port (BLU)","Blue Island","IL","United States","USCHI","",""
"UP - Brownsville","Brownsville","TX","United States","USBRO","S099",""
"CSX - Buffalo","Buffalo","NY","United States","USBUF","D059","185400"
"NS - Buffalo Transload","Buffalo","NY","United States","USBUF","","185400"
"CSX - Chambersburg","Chambersburg","PA","United States","USCBB","A027","209740"
"CSX - Bennett Yard","Charleston","SC","United States","USCHS","L436","447850"
"CSX - Charlotte","Charlotte","NC","United States","USCLT","L326","417500"
"NS - Charlotte","Charlotte","NC","United States","USCLT","L909",""
"NS - Charlotte","Charlotte","NC","United States","USCLT","N481","417500"
"NS - Norfolk (Portlock)","Chesapeake","VA","United States","USORF","N725","261206"
"BNSF - Chicago (Cicero) Intermodal Facility","Chicago","IL","United States","USCHI","J791","381280"
"BNSF - Chicago (Corwith) Intermodal Facility","Chicago","IL","United States","USCHI","I145","380000"
"CN - Chicago (Harvey)","Chicago","IL","United States","USCHI","I092","380002"
"CSX - Chicago 59th Street","Chicago","IL","United States","USCHI","J054","380639"
"NS - Chicago (47th Street)","Chicago","IL","United States","USCHI","HAD9","380403"
"NS - Chicago (63rd Street)","Chicago","IL","United States","USCHI","HAE0","380646"
"NS - Chicago (Calumet)","Chicago","IL","United States","USCHI","HAE1","381443"
"NS - Chicago (Landers)","Chicago","IL","United States","USCHI","I104","380696"
"UP - Chicago - Global I - 14th St.","Chicago","IL","United States","USCHI","I122","380415"
"UP - Chicago - Global II - Northlake","Chicago","IL","United States","USCHI","I372","381238"
"UP - Chicago - Global IV - Joliet","Chicago","IL","United States","USCHI","I206",""
"CN - Chippewa Falls Intermodal","Chippewa Falls","WI","United States","USCPF","","328180000"
"CSX - Cincinnati","Cincinnati","OH","United States","USCVG","J614","359900"
"NS - Cincinnati (Gest Street)","Cincinnati","OH","United States","USCVG","J404","359900"
"NS - Cincinnati (Sharonville)","Cincinnati","OH","United States","USCVG","H897","359814"
"UP - City of Industry","City of Industry","CA","United States","USJID","",""
"CSX - Cleveland","Cleveland","OH","United States","USCLE","J745","341800"
"NS - Cleveland","Cleveland","OH","United States","USCLE","J037","341949"
"CSX - Columbus","Columbus","OH","United States","USCMH","I699","353122"
"NS - Columbus","Columbus","OH","United States","USCMH","H367","353279"
"BNSF - Commerce Intermodal Facility","Commerce","CA","United States","USCRC","Y386",""
"KCS - Corpus Christi","Corpus Christi","TX","United States","USCRP","T125",""
"UP - Council Bluffs","Council Bluffs","IA","United States","USCBF","H043","549260"
"CSX - Appalachian Regional Port","Crandall","GA","United States","USKR7","",""
"CP - Dearborn","Dearborn","MI","United States","USDEO","I087",""
"CSX - Dearborn","Dearborn","MI","United States","USDEO","H833",""
"NS - Decatur","Decatur","IL","United States","USDEC","","392200"
"BNSF - Denver Intermodal Facility","Denver","CO","United States","USDEN","H096","744300"
"UP - Denver","Denver","CO","United States","USDEN","H099","744300"
"CP - Westwood","Detroit","MI","United States","USDET","H729",""
"CSX - Detroit","Detroit","MI","United States","USDET","H797","318100"
"NS - Detroit (Delray)","Detroit","MI","United States","USDET","","318338"
"CSX - Inland Port Terminal (Dillon)","Dillon","SC","United States","USDLL","LA73",""
"UP - Yard Center (YDC)","Dolton","IL","United States","USCHI","K097","381412"
"UP - Donna (Rio Valley)","Donna","TX","United States","USXEY","",""
"CN - Duluth","Duluth","MN","United States","USDLH","H466",""
"UP - St. Louis - (Dupo)","Dupo","MO","United States","USSTL","K078","396658"
"CSX - East St. Louis","East St Louis","IL","United States","USESL","J313","396640"
"CSX - Syracuse","East Syracuse","NY","United States","USESY","D076","182340"
"BNSF - Logistics Park Kansas City Intermodal Facility","Edgerton","KS","United States","USEEU","J177","584092"
"BNSF - El Paso Intermodal Facility","El Paso","TX","United States","USELP","S390","696900"
"UP - El Paso (ELP)","El Paso","TX","United States","USELP","S389","696911"
"NS - E-Rail Terminal","Elizabeth","NJ","United States","USPEB","E962","191822"
"NS - Elizabeth Marine Terminal (EMT)","Elizabeth","NY","United States","USNYC","","191821"
"BNSF - Logistics Park Chicago (LPC) Intermodal Facility","Elwood","IL","United States","USEWI","H572","384020"
"CSX - Evansville","Evansville","IN","United States","USEVV","H166","379500"
"CN - Detroit","Ferndale","MI","United States","USFEE","H798",""
"FECR - Fort Lauderdale","Fort Lauderdale","FL","United States","USFLL","N715",""
"BNSF - Alliance Intermodal Facility","Fort Worth","TX","United States","USFWT","T926","668100"
"CP - Bensenville Intermodal Terminal","Franklin Park","IL","United States","USCHI","J830",""
"UP - Freeport","Freeport","TX","United States","USFPO","T102",""
"NS - Virginia Inland Port","Front Royal","VA","United States","USFRR","LAQ5","253422"
"NS - Gainesville Inland Port","Gainesville","GA","United States","USGVL","",""
"NS - Georgetown","Georgetown","KY","United States","USGEO","I684","285582"
"BNSF - Glendale","Glendale","AZ","United States","USPHX","V835","797148301"
"NS - Greencastle","Greencastle","PA","United States","USGRP","A154",""
"NS - Greensboro","Greensboro","NC","United States","USGBO","O119","412750"
"NS - Greer","Greer","SC","United States","USGXX","M682","443241"
"CN - Harahan","Harahan","LA","United States","USHRJ","P989",""
"NS - Harrisburg","Harrisburg","PA","United States","USHAR","D073","206260"
"NS - Rutherford","Harrisburg","PA","United States","USHAR","D072","206297"
"BNSF - Willow Springs (WSP)","Hodgkins","IL","United States","USCHI","","381299"
"BNSF - Pearland Intermodal Facility","Houston","TX","United States","USHOU","S639","686212"
"KCS - Kendleton","Houston","SC","United States","USKCS","S855","686478"
"UP - Houston - Englewood Yard","Houston","TX","United States","USHOU","S640","684807"
"UP - Houston- Settegast Yard","Houston","TX","United States","USHOU","S637",""
"BNSF - Hudson (Logistics Center)","Hudson","CO","United States","USDEN","HB21",""
"NS - Huntsville","Huntsville","AL","United States","USHSV","Q165","471340"
"UP - Dallas Intermodal Terminal - Wilmer","Hutchins","TX","United States","USDAL","V963",""
"CN - Indianapolis","Indianapolis","IN","United States","USIND","H913",""
"CSX - Indianapolis","Indianapolis","IN","United States","USIND","I950",""
"CN - Jackson","Jackson","MS","United States","USJAN","Q409","487230"
"CSX - Jacksonville","Jacksonville","FL","United States","USJAX","N760","491200"
"Dames Point Intermodal Yard","Jacksonville","FL","United States","USJAX","LC77",""
"FECR - Jacksonville","Jacksonville","FL","United States","USJAX","N298",""
"NS - Jacksonville","Jacksonville","FL","United States","USJAX","N321","491200"
"NS - Livernois","Jacksonville","MI","United States","USDET","H796","318138"
"NS - Croxton","Jersey City","NJ","United States","USJEC","E611","191560"
"CN - Joliet","Joliet","IL","United States","USJOT","H903","384130"
"KCS - Intl Freight Gateway","Kansas City","MO","United States","USMKC","J166","566907"
"NS - Kansas City","Kansas City","MO","United States","USMKC","J176","566793"
"UP - Armourdale Ramp","Kansas City","MO","United States","USMKC","J217",""
"UP - Kansas City Intermodal Terminal","Kansas City","KS","United States","USKCK","H0G2",""
"UP - Neff Yard","Kansas City","MO","United States","USMKC","J178","566900"
"CSX - Kearny","Kearny","NJ","United States","USXHE","E389",""
"NS - Langhorne","Langhorne","PA","United States","USXHS","D007","207310"
"KCS - Laredo","Laredo","TX","United States","USLRD","S187","699380"
"UP - Laredo","Laredo","TX","United States","USLRD","V551",""
"UP - Las Vegas","Las Vegas","NV","United States","USLAS","","869149"
"UP - Lathrop","Lathrop","CA","United States","USLRO","W680","875670"
"UP - ICTF","Long Beach","CA","United States","USLAX","Y381","883716"
"BNSF - Los Angeles Intermodal Facility","Los Angeles","CA","United States","USLAX","Y386",""
"UP - LATC - Lamar St","Los Angeles","CA","United States","USLAX","W202","883205"
"UP - Los Angeles","Los Angeles","CA","United States","USLAX","W201","883000"
"CSX - Louisville","Louisville","KY","United States","USLUI","I399","286550"
"NS - Louisville (Appliance Park)","Louisville","KY","United States","USLUI","H879","286557"
"NS - Louisville (Buechel)","Louisville","KY","United States","USLUI","J060","286555"
"CSX - Marion","Marion","OH","United States","USMNN","",""
"UP - Marion","Marion","AR","United States","USMQM","P279","605153"
"NS - Albany Mechanicville","Mechanicville","NY","United States","USMHV","E142","171760"
"BNSF - Memphis Intermodal Facility","Memphis","TN","United States","USMEM","P486","439900"
"CN - Cottonwood","Memphis","TN","United States","USMEM","P394",""
"CN - Memphis","Memphis","TN","United States","USMEM","P484",""
"CSX - Memphis","Memphis","TN","United States","USMEM","Q172",""
"NS - Memphis (Harris Yard)","Memphis","TN","United States","USMEM","P487","439900"
"NS - Memphis (Rossville)","Memphis","TN","United States","USROQ","P057","439790"
"UP - Dallas - Mesquite","Mesquite","TX","United States","USMSQ","U419","667242"
"FECR - Miami","Miami","FL","United States","USMIA","M601",""
"Canadian Pacific - Milwaukee","Milwaukee","WI","United States","USMKE","H460",""
"CN - Minneapolis","Minneapolis","MN","United States","USMES","H622",""
"CP - Minneapolis Intermodal Terminal","Minneapolis","MN","United States","USMES","J554",""
"UP - Twin Cities Intermodal Terminal","Minneapolis","MN","United States","USMES","HBI4","50463000"
"CN - Mobile","Mobile","AL","United States","USMOB","P023",""
"CSX - Mobile","Mobile","AL","United States","USMOB","Q096","479800"
"UP - Montebello","Montebello","CA","United States","USLAX","",""
"CSX - Nashville","Nashville","TN","United States","USBNA","P587","434300"
"BNSF - Westwego","New Orleans","LA","United States","USMSY","Q819","647000"
"CSX - New Orleans","New Orleans","LA","United States","USMSY","Q072","647000"
"NS - New Orleans","New Orleans","LA","United States","USMSY","P979","647000"
"CSX - Northwest Ohio ICTF","North Baltimore","OH","United States","USNBH","H395",""
"CSX - Little Ferry","North Bergen","NJ","United States","USNBN","E044","191268"
"CSX - North Bergen","North Bergen","NJ","United States","USNBN","E381","191410"
"NS - Charleston (Rich St)","North Charleston","SC","United States","USNTS","L437",""
"NS - Charleston","North Charleston","SC","United States","USNTS","N264","447850"
"Canadian National - Norton","Norton","VT","United States","USNRT","A236",""
"BNSF - Oakland Intermodal Facilitiy","Oakland","CA","United States","USOAK","Z944",""
"UP - Oakland","Oakland","CA","United States","USOAK","W581","876430"
"BNSF - Omaha","Omaha","NE","United States","USOMA","H397","553200"
"CSX - Orlando","Orlando","FL","United States","USORL","N344",""
"CSX - Philadelphia","Philadelphia","PA","United States","USPHL","B326","207832"
"UP - Phoenix Intermodal Terminal","Phoenix","AZ","United States","USPHX","SOS3",""
"CP - Portal","Portal","ND","United States","USPQT","H283",""
"BNSF - Portland Intermodal Facility","Portland","OR","United States","USPDX","X086","853470"
"NWC - Portland","Portland","OR","United States","USPDX","X100",""
"UP - Brooklyn Yard - Portland","Portland","OR","United States","USPDX","W975",""
"CSX - Portsmouth","Portsmouth","VA","United States","USORF","N727","261000"
"UP - Rochelle","Rochelle","IL","United States","USRCX","J323",""
"Canadian National - Rouses Point","Rouses Point","NY","United States","USRSX","A915",""
"BNSF - St. Louis Intermodal Facility","Saint Louis","MO","United States","USSTL","J300",""
"NS - Saint Louis","Saint Louis","MO","United States","USSTL","J288","567500"
"BNSF - St. Paul Intermodal Facility","Saint Paul","MN","United States","USSTP","J828","504450"
"BNSF - Salt Lake City Intermodal Facility","Salt Lake City","UT","United States","USSLC","",""
"UP - Salt Lake City Intermodal Terminals (SLCIT)","Salt Lake City","UT","United States","USSLC","K961","762930"
"UP - East Yard (SHM)","San Antonio","TX","United States","USSAT","S320",""
"UP - South Yard (QIN)","San Antonio","TX","United States","USSAT","T963",""
"BNSF - San Bernardino Intermodal Facility","San Bernadino","CA","United States","USSBT","","880270"
"UP - Santa Teresa","Santa Teresa","NM","United States","USSXT","T571","779565"
"CSX - Savannah","Savannah","GA","United States","USSAV","L613","461450"
"NS - Savannah (Dillard Yard)","Savannah","GA","United States","USSAV","L710",""
"CP - Schiller Park Container Yard","Schiller Park","IL","United States","USSID","I217",""
"BNSF - Seattle International Gateway Intermodal Facility","Seattle","WA","United States","USSEA","Y498","845200"
"BNSF - South Seattle Intermodal Facility","Seattle","WA","United States","USSEA","Y371","845203"
"UP - Seattle","Seattle","WA","United States","USSEA","X161","845200"
"UP - Sparks","Sparks","NV","United States","USSPK","","864168"
"BNSF - Spokane Intermodal Facility","Spokane","WA","United States","USGEG","Y799","840600"
"BNSF - Stockton Intermodal Facility","Stockton","CA","United States","USSCK","W675","744300"
"UP - Tacoma South (TacSim)","Tacoma","WA","United States","USTIW","","846214000"
"CSX - Tampa","Tampa","FL","United States","USTPA","N093","497810"
"NS - Taylor","Taylor","PA","United States","USTYP","","200676"
"NS - Titusville Intermodal Terminal (TIC)","Titusville","FL","United States","USTIX","N782","496130"
"NS - Toledo","Toledo","OH","United States","USTOL","","343138"
"UP - Tucson","Tucson","AZ","United States","USTUZ","V949","799000"
"CN - Two Harbors","Two Harbors","MN","United States","USTHB","H484",""
"CN - Venice","Venice","IL","United States","USXNL","J315",""
"UP - San Antonio Intermodal Terminal (SAIT)","Von Ormy","TX","United States","USZJE","S518","687514"
"NS - Walbridge","Walbridge","OH","United States","USWBG","I821",""
"NS - Pittsburgh","Wall","PA","United States","USPIT","D106","218317"
"FECR - West Palm Beach","West Palm Beach","FL","United States","USPBI","N540",""
"CSX - Springfield, MA","West Springfield","MA","United States","USWSP","D082","148248"
"ARR - Whittier","Whittier","AK","United States","USWQF","X752",""
"CSX - Central Florida ILC","Winter Haven","FL","United States","USGIF","N110","497540"
"CSX - Worcester","Worcester","MA","United States","USORH","C358",""
"NS / KCS - Wylie","Wylie","TX","United States","USDAL","U178","663676"
