"name","scac","access","port","locode","country","region","firmsCode","group","feature","label","section","status","updatedOn"
"BNSF Railway","BNSF","","","","","","","US Class I","railLoaded","Rail Loaded","Container milestones","unsupported","2026-10-09"
"BNSF Railway","BNSF","","","","","","","US Class I","railDeparted","Rail Departed","Container milestones","unsupported","2026-10-09"
"BNSF Railway","BNSF","","","","","","","US Class I","railArrived","Rail Arrived","Container milestones","supported","2026-10-09"
"BNSF Railway","BNSF","","","","","","","US Class I","railUnloaded","Rail Unloaded","Container milestones","unsupported","2026-10-09"
"BNSF Railway","BNSF","","","","","","","US Class I","arrivedAtDestination","Arrived At Destination","Container milestones","supported","2026-10-09"
"BNSF Railway","BNSF","","","","","","","US Class I","available","Available","Container milestones","supported","2026-10-09"
"BNSF Railway","BNSF","","","","","","","US Class I","fullOut","Full Out","Container milestones","unsupported","2026-10-09"
"BNSF Railway","BNSF","","","","","","","US Class I","emptyReturned","Empty Returned","Container milestones","unsupported","2026-10-09"
"BNSF Railway","BNSF","","","","","","","US Class I","lastFreeDay","Rail LFD","Rail attributes","supported","2026-10-09"
"BNSF Railway","BNSF","","","","","","","US Class I","estArrivalAtDestination","Carrier ETA","Rail attributes","supported","2026-10-09"
"BNSF Railway","BNSF","","","","","","","US Class I","podRailCarrier","POD Rail Carrier","Rail attributes","supported","2026-10-09"
"BNSF Railway","BNSF","","","","","","","US Class I","destinationRailCarrier","Destination Rail Carrier","Rail attributes","supported","2026-10-09"
"BNSF Railway","BNSF","","","","","","","US Class I","t49RailEta","T49 Rail ETA","Terminal49 estimates","supported","2026-10-09"
"Union Pacific","UPRR","","","","","","","US Class I","railLoaded","Rail Loaded","Container milestones","unsupported","2026-10-09"
"Union Pacific","UPRR","","","","","","","US Class I","railDeparted","Rail Departed","Container milestones","supported","2026-10-09"
"Union Pacific","UPRR","","","","","","","US Class I","railArrived","Rail Arrived","Container milestones","supported","2026-10-09"
"Union Pacific","UPRR","","","","","","","US Class I","railUnloaded","Rail Unloaded","Container milestones","unsupported","2026-10-09"
"Union Pacific","UPRR","","","","","","","US Class I","arrivedAtDestination","Arrived At Destination","Container milestones","limited","2026-10-09"
"Union Pacific","UPRR","","","","","","","US Class I","available","Available","Container milestones","supported","2026-10-09"
"Union Pacific","UPRR","","","","","","","US Class I","fullOut","Full Out","Container milestones","supported","2026-10-09"
"Union Pacific","UPRR","","","","","","","US Class I","emptyReturned","Empty Returned","Container milestones","limited","2026-10-09"
"Union Pacific","UPRR","","","","","","","US Class I","lastFreeDay","Rail LFD","Rail attributes","supported","2026-10-09"
"Union Pacific","UPRR","","","","","","","US Class I","estArrivalAtDestination","Carrier ETA","Rail attributes","supported","2026-10-09"
"Union Pacific","UPRR","","","","","","","US Class I","podRailCarrier","POD Rail Carrier","Rail attributes","supported","2026-10-09"
"Union Pacific","UPRR","","","","","","","US Class I","destinationRailCarrier","Destination Rail Carrier","Rail attributes","supported","2026-10-09"
"Union Pacific","UPRR","","","","","","","US Class I","t49RailEta","T49 Rail ETA","Terminal49 estimates","supported","2026-10-09"
"Norfolk Southern","NSRR","","","","","","","US Class I","railLoaded","Rail Loaded","Container milestones","signed_in_only","2026-10-09"
"Norfolk Southern","NSRR","","","","","","","US Class I","railDeparted","Rail Departed","Container milestones","signed_in_only","2026-10-09"
"Norfolk Southern","NSRR","","","","","","","US Class I","railArrived","Rail Arrived","Container milestones","signed_in_only","2026-10-09"
"Norfolk Southern","NSRR","","","","","","","US Class I","railUnloaded","Rail Unloaded","Container milestones","limited","2026-10-09"
"Norfolk Southern","NSRR","","","","","","","US Class I","arrivedAtDestination","Arrived At Destination","Container milestones","supported","2026-10-09"
"Norfolk Southern","NSRR","","","","","","","US Class I","available","Available","Container milestones","limited","2026-10-09"
"Norfolk Southern","NSRR","","","","","","","US Class I","fullOut","Full Out","Container milestones","limited","2026-10-09"
"Norfolk Southern","NSRR","","","","","","","US Class I","emptyReturned","Empty Returned","Container milestones","unsupported","2026-10-09"
"Norfolk Southern","NSRR","","","","","","","US Class I","lastFreeDay","Rail LFD","Rail attributes","limited","2026-10-09"
"Norfolk Southern","NSRR","","","","","","","US Class I","estArrivalAtDestination","Carrier ETA","Rail attributes","signed_in_only","2026-10-09"
"Norfolk Southern","NSRR","","","","","","","US Class I","podRailCarrier","POD Rail Carrier","Rail attributes","supported","2026-10-09"
"Norfolk Southern","NSRR","","","","","","","US Class I","destinationRailCarrier","Destination Rail Carrier","Rail attributes","supported","2026-10-09"
"Norfolk Southern","NSRR","","","","","","","US Class I","t49RailEta","T49 Rail ETA","Terminal49 estimates","supported","2026-10-09"
"CSX","CSXT","","","","","","","US Class I","railLoaded","Rail Loaded","Container milestones","limited","2026-10-09"
"CSX","CSXT","","","","","","","US Class I","railDeparted","Rail Departed","Container milestones","supported","2026-10-09"
"CSX","CSXT","","","","","","","US Class I","railArrived","Rail Arrived","Container milestones","supported","2026-10-09"
"CSX","CSXT","","","","","","","US Class I","railUnloaded","Rail Unloaded","Container milestones","supported","2026-10-09"
"CSX","CSXT","","","","","","","US Class I","arrivedAtDestination","Arrived At Destination","Container milestones","supported","2026-10-09"
"CSX","CSXT","","","","","","","US Class I","available","Available","Container milestones","supported","2026-10-09"
"CSX","CSXT","","","","","","","US Class I","fullOut","Full Out","Container milestones","unsupported","2026-10-09"
"CSX","CSXT","","","","","","","US Class I","emptyReturned","Empty Returned","Container milestones","unsupported","2026-10-09"
"CSX","CSXT","","","","","","","US Class I","lastFreeDay","Rail LFD","Rail attributes","supported","2026-10-09"
"CSX","CSXT","","","","","","","US Class I","estArrivalAtDestination","Carrier ETA","Rail attributes","supported","2026-10-09"
"CSX","CSXT","","","","","","","US Class I","podRailCarrier","POD Rail Carrier","Rail attributes","supported","2026-10-09"
"CSX","CSXT","","","","","","","US Class I","destinationRailCarrier","Destination Rail Carrier","Rail attributes","supported","2026-10-09"
"CSX","CSXT","","","","","","","US Class I","t49RailEta","T49 Rail ETA","Terminal49 estimates","supported","2026-10-09"
"Canadian National","CNRU","","","","","","","Canadian Class I","railLoaded","Rail Loaded","Container milestones","supported","2026-10-09"
"Canadian National","CNRU","","","","","","","Canadian Class I","railDeparted","Rail Departed","Container milestones","supported","2026-10-09"
"Canadian National","CNRU","","","","","","","Canadian Class I","railArrived","Rail Arrived","Container milestones","supported","2026-10-09"
"Canadian National","CNRU","","","","","","","Canadian Class I","railUnloaded","Rail Unloaded","Container milestones","limited","2026-10-09"
"Canadian National","CNRU","","","","","","","Canadian Class I","arrivedAtDestination","Arrived At Destination","Container milestones","supported","2026-10-09"
"Canadian National","CNRU","","","","","","","Canadian Class I","available","Available","Container milestones","limited","2026-10-09"
"Canadian National","CNRU","","","","","","","Canadian Class I","fullOut","Full Out","Container milestones","supported","2026-10-09"
"Canadian National","CNRU","","","","","","","Canadian Class I","emptyReturned","Empty Returned","Container milestones","unsupported","2026-10-09"
"Canadian National","CNRU","","","","","","","Canadian Class I","lastFreeDay","Rail LFD","Rail attributes","supported","2026-10-09"
"Canadian National","CNRU","","","","","","","Canadian Class I","estArrivalAtDestination","Carrier ETA","Rail attributes","supported","2026-10-09"
"Canadian National","CNRU","","","","","","","Canadian Class I","podRailCarrier","POD Rail Carrier","Rail attributes","supported","2026-10-09"
"Canadian National","CNRU","","","","","","","Canadian Class I","destinationRailCarrier","Destination Rail Carrier","Rail attributes","supported","2026-10-09"
"Canadian National","CNRU","","","","","","","Canadian Class I","t49RailEta","T49 Rail ETA","Terminal49 estimates","supported","2026-10-09"
"Canadian Pacific / KCS","CPRS","","","","","","","Canadian Class I","railLoaded","Rail Loaded","Container milestones","unsupported","2026-10-09"
"Canadian Pacific / KCS","CPRS","","","","","","","Canadian Class I","railDeparted","Rail Departed","Container milestones","signed_in_only","2026-10-09"
"Canadian Pacific / KCS","CPRS","","","","","","","Canadian Class I","railArrived","Rail Arrived","Container milestones","signed_in_only","2026-10-09"
"Canadian Pacific / KCS","CPRS","","","","","","","Canadian Class I","railUnloaded","Rail Unloaded","Container milestones","unsupported","2026-10-09"
"Canadian Pacific / KCS","CPRS","","","","","","","Canadian Class I","arrivedAtDestination","Arrived At Destination","Container milestones","signed_in_only","2026-10-09"
"Canadian Pacific / KCS","CPRS","","","","","","","Canadian Class I","available","Available","Container milestones","signed_in_only","2026-10-09"
"Canadian Pacific / KCS","CPRS","","","","","","","Canadian Class I","fullOut","Full Out","Container milestones","signed_in_only","2026-10-09"
"Canadian Pacific / KCS","CPRS","","","","","","","Canadian Class I","emptyReturned","Empty Returned","Container milestones","unsupported","2026-10-09"
"Canadian Pacific / KCS","CPRS","","","","","","","Canadian Class I","lastFreeDay","Rail LFD","Rail attributes","supported","2026-10-09"
"Canadian Pacific / KCS","CPRS","","","","","","","Canadian Class I","estArrivalAtDestination","Carrier ETA","Rail attributes","supported","2026-10-09"
"Canadian Pacific / KCS","CPRS","","","","","","","Canadian Class I","podRailCarrier","POD Rail Carrier","Rail attributes","supported","2026-10-09"
"Canadian Pacific / KCS","CPRS","","","","","","","Canadian Class I","destinationRailCarrier","Destination Rail Carrier","Rail attributes","supported","2026-10-09"
"Canadian Pacific / KCS","CPRS","","","","","","","Canadian Class I","t49RailEta","T49 Rail ETA","Terminal49 estimates","supported","2026-10-09"
